Community Number,Community Name,Total population,Sector
101,NAKHLAT DEIRA,2,1
111,AL CORNICHE,1655,1
112,AL RASS,7314,1
113,AL DHAGAYA,15453,1
114,AL BUTEEN,2766,1
115,AL SABKHA,3861,1
116,AYAL NASIR,18925,1
117,AL MURAR,38294,1
118,NAIF,48804,1
119,AL REGA,10279,1
121,CORNICHE DEIRA,14,1
122,AL BARAHA,24373,1
123,AL MUTEENA,43473,1
124,AL MURQABAT,68717,1
125,REGA AL BUTEEN,6984,1
126,ABU HAIL,16905,1
127,HOR AL ANZ,81741,1
128,AL KHBEESI,1952,1
129,PORT SAEED,13266,1
131,AL HAMRIYA PORT,468,1
132,AL WAHEDA,20392,1
133,HOR AL ANZ EAST,20847,1
134,AL MAMZER,14178,1
213,NAD SHAMMA,2964,2
214,AL GARHOUD,18424,2
215,UM RAMOOL,3545,2
216,AL RASHIDIYA,34594,2
221,DUBAI  AIRPORT,22,2
226,AL TWAR FIRST,10957,2
227,AL TWAR SECOND,4577,2
228,AL TWAR THIRD,10217,2
231,AL NAHDA FIRST,29011,2
232,AL QUSAIS FIRST,41818,2
233,AL QUSAIS SECOND,11442,2
234,AL QUSAIS THIRD,6812,2
241,AL NAHDA SECOND,56489,2
242,AL QUSAIS IND. FIRST,8362,2
243,AL QUSAIS IND. SECOND,8063,2
244,MUHAISANAH THIRD,6129,2
245,MUHAISANAH FOURTH,32346,2
246,AL QUSAIS IND. THIRD,2559,2
247,AL QUSAIS IND. FOURTH,2476,2
248,AL QUSAIS IND FIFTH,1286,2
251,MURDAF,60288,2
252,MUSHRAIF,63,2
261,MUHAISANAH FIRST,7375,2
262,AL MEZHAR FIRST,15806,2
263,AL MEZHAR SECOND,10781,2
264,MUHAISANAH SECOND ,197838,2
265,OUD AL MUTEEN FIRST,12510,2
266,OUD AL MUTEEN SECOND ,5047,2
267,MUHAISANAH FIFTH,2,2
268,OUD AL MUTEEN THIRD ,6344,2
271,WADI ALAMRADI,3193,2
281,AL KHAWANEEJ ONE,12241,2
282,AL KHAWANEEJ TWO,3865,2
283,AL AYAS,1706,2
284,AL TTAY,805,2
302,JUMEIRA BAY,39,3
303,WORLD ISLANDS,7,3
304,JUMEIRA ISLAND 2,3,3
311,AL SHANDAGA,2,3
312,AL SUQ AL KABEER,46929,3
313,AL HAMRIYA,33421,3
314,UM HURAIR FIRST,5351,3
315,UM HURAIR SECOND,4867,3
316,AL RAFFA,42904,3
317,AL MANKHOOL,37400,3
318,AL KARAMA,70558,3
319,OUD METHA,13616,3
321,MADINAT DUBAI AL MELAHEYAH (AL MINA),14129,3
322,AL HUDAIBA,13034,3
323,AL JAFLIYA,21957,3
324,AL KIFAF,2,3
325,ZAABEEL FIRST,3062,3
326,AL JADAF,4197,3
332,JUMEIRA FIRST,18843,3
333,AL BADA,54338,3
334,AL SATWA,41048,3
335,TRADE CENTER FIRST,15355,3
336,TRADE CENTER SECOND,12155,3
337,ZAABEEL SECOND,7509,3
342,JUMEIRA SECOND,9380,3
343,AL WASL,11156,3
345,BURJ KHALIFA,18698,3
346,AL KALIJ AL TEJARI,19715,3
347,AL MERKADH,819,3
352,JUMEIRA THIRD,12493,3
353,AL SAFFA FIRST,7893,3
354,AL GOZE FIRST,18845,3
355,AL GOZE SECOND,4551,3
356,UM SUQAIM FIRST,10867,3
357,AL SAFFA SECOND,6247,3
358,AL GOZE THIRD,40541,3
359,AL GOZE FOURTH,21788,3
362,UM SUQAIM SECOND,11456,3
363,AL MANARA,7709,3
364,AL GOZE IND. FIRST ,26569,3
365,AL GOZE IND. SECOND ,158543,3
366,UM SUQAIM THIRD,7021,3
367,UM AL SHEIF,4097,3
368,AL GOZE IND. THIRD ,25360,3
369,AL GOZE IND. FOURTH ,38280,3
372,AL SAFOUH FIRST,4112,3
373,AL BARSHAA FIRST,35469,3
375,AL BARSHAA THIRD,13990,3
376,AL BAESHAA SECOND,14815,3
381,NAKHLAT JUMEIRA ,22333,3
382,AL SOFOUH SECOND,5592,3
383,AL THANYAH FIRST (V. RABIE SAHRA'A),22638,3
384,AL THANYAH SECOND (JEBEL ALI HORSE RACING),115,3
388,AL THANYAH THIRD (EMIRATE HILLS SECOND),17737,3
392,MARSA DUBAI (AL MINA AL SEYAHI) ,55052,3
393,AL THANYAH FIFTH (EMIRATE HILLS FIRST) ,37067,3
394,AL THANYAH FOURTH (EMIRATE HILLS THIRD) ,23488,3
412,AL KHEERAN,4641,4
413,RAS AL KHOR,2,4
415,AL KHAIRAN FIRST,2,4
416,NAD AL HAMAR,13589,4
421,AL WARQAA FIRST,21696,4
422,AL WARQAA  SECOND,10237,4
423,AL WARQAA THIRD,14208,4
424,AL WARQAA FOURTH ,12910,4
425,AL WARQAA FIFTH ,60,4
431,WADI ALSHABAK ,55,4
501,NAKHLAT JABAL ALI,5,5
502,AL WAJEHAH AL BHARIYAH,4,5
511,HESSYAN FIRST,3300,5
512,HESSYAN SECOND,45,5
513,SAIH SHUAIB 1,9,5
516,JABAL ALI INDUSTRIAL THIRD,2462,5
518,JABAL ALI INDUSTRIAL SECOND,23000,5
521,MADINAT AL MATAAR,2183,5
531,SAIH SHUAIB 2,13665,5
532,SAIH SHUAIB 3,11144,5
533,SAIH SHUAIB 4,11170,5
591,JABAL ALI FIRST,69115,5
592,JABAL ALI  SECOND,1561,5
593,JABAL ALI THIRD,1513,5
594,MENA JABAL ALI,28600,5
597,DUBAI INVESTMENT PARK2,59763,5
598,DUBAI INVESTMENT PARK1,69000,5
599,JABAL ALI INDUSTRIAL FIRST,129024,5
611,BU KADRA,15,6
612,RAS AL KHOR IND. FIRST,2393,6
613,RAS AL KHOR IND. SECOND,2352,6
614,RAS AL KHOR IND. THIRD,21500,6
615,NAD AL SHIBBA SECOND,2258,6
616,NAD AL SHIBBA THIRD,137,6
617,NAD AL SHIBBA FOURTH,3505,6
618,NAD AL SHIBBA FIRST,5485,6
621,WARSAN FIRST,97159,6
622,WARSAN SECOND,1524,6
624,WARSAN FOURTH,8359,6
626,NADD HESSA,35361,6
631,HADAEQ SHEIKH MOHAMMED BIN RASHID,68,6
643,WADI AL SAFA 2,9623,6
645,WADI AL SAFA 3,9599,6
646,WADI AL SAFA 4,2,6
648,WADI AL SAFA 5,19550,6
664,WADI AL SAFA 6 (ARABIAN RANCHES),16179,6
665,WADI AL SAFA 7,7740,6
671,AL BARSHA SOUTH FIRST,13267,6
672,AL BARSHA SOUTH SECOND,7057,6
673,AL BARSHA SOUTH THIRD,4566,6
674,AL HEBIAH FIRST,9672,6
675,AL HEBIAH SECOND,1032,6
676,AL HEBIAH THIRD,6250,6
677,AL HEBIAH SIXTH,1759,6
681,AL BARSHA SOUTH FOURTH,25297,6
682,AL HEBIAH FOURTH,18789,6
683,AL HEBIAH FIFTH,8919,6
684,AL BARSHA SOUTH FIFTH,6753,6
685,ME'AISEM FIRST,17413,6
686,ME'AISEM SECOND,11,6
711,AL AWEER ONE,3587,7
721,AL AWEER TWO,4870,7
724,ENKHALI,26,7
727,AL WOHOOSH,46,7
731,LEHBAB FIRST,2921,7
735,AL MERYAL,727,7
736,NAZWAH,504,7
811,WARSAN THIRD,13316,8
812,AL ROWAIYAH FIRST,2923,8
813,AL ROWAIYAH SECOND,25,8
814,AL ROWAIYAH THIRD,4036,8
821,MEREIYEEL,1119,8
824,UMM AL DAMAN,258,8
826,LE HEMAIRA,53,8
831,LEHBAB SECOND,1363,8
835,UMM AL MO'MENEEN,309,8
841,MARGHAM,930,8
845,AL MAHA,175,8
847,UMM ESELAY,187,8
851,REMAH,232,8
857,MARGAB,570,8
861,YARAAH,94,8
891,HATTA,13295,8
911,UMM NAHAD FIRST,8,9
912,UMM NAHAD SECOND,2,9
913,UMM NAHAD THIRD,2329,9
914,UMM NAHAD FOURTH,4,9
915,AL YUFRAH 1,403,9
916,AL YUFRAH 2,2,9
917,AL MARMOOM,79,9
918,AL YUFRAH 3,4,9
919,AL YUFRAH 4,3,9
921,AL YALAYIS 1,0,9
922,AL YALAYIS 2,217,9
923,AL YALAYIS 3,4,9
924,AL YALAYIS 4,8,9
925,AL YALAYIS 5,100,9
931,AL LESAILY,2633,9
941,GRAYTEESAH,55,9
945,AL FAGAA',395,9
951,SAIH AL SALAM,589,9
956,AL HATHMAH,35,9
961,AL SELAL,660,9
967,GHADEER BARASHY,7,9
971,SAIH AL DAHAL,16,9
975,AL O'SHOOSH,0,9
978,SAIH SHUA'ALAH,3,9
981,MUGATRAH,804,9
987,AL LAYAN 1,10,9
988,AL LAYAN 2,0,9
991,HEFAIR,0,9
