station_no,station_name,latitude,longitude,route,category_name,venues
E07,Expo Station,24.9633681281314,55.1462011570333,Expo,Arts & Entertainment,1
E07,Expo Station,24.9633681281314,55.1462011570333,Expo,College & University,0
E07,Expo Station,24.9633681281314,55.1462011570333,Expo,Event,0
E07,Expo Station,24.9633681281314,55.1462011570333,Expo,Food,0
E07,Expo Station,24.9633681281314,55.1462011570333,Expo,Nightlife Spot,0
E07,Expo Station,24.9633681281314,55.1462011570333,Expo,Outdoors & Recreation,0
E07,Expo Station,24.9633681281314,55.1462011570333,Expo,Professional & Other Places,1
E07,Expo Station,24.9633681281314,55.1462011570333,Expo,Residence,0
E07,Expo Station,24.9633681281314,55.1462011570333,Expo,Shop & Service,0
E07,Expo Station,24.9633681281314,55.1462011570333,Expo,Travel & Transport,0
G11,Etisalat,25.2548051022099,55.40100711209,Green,Arts & Entertainment,0
G11,Etisalat,25.2548051022099,55.40100711209,Green,College & University,0
G11,Etisalat,25.2548051022099,55.40100711209,Green,Event,0
G11,Etisalat,25.2548051022099,55.40100711209,Green,Food,8
G11,Etisalat,25.2548051022099,55.40100711209,Green,Nightlife Spot,0
G11,Etisalat,25.2548051022099,55.40100711209,Green,Outdoors & Recreation,4
G11,Etisalat,25.2548051022099,55.40100711209,Green,Professional & Other Places,5
G11,Etisalat,25.2548051022099,55.40100711209,Green,Residence,2
G11,Etisalat,25.2548051022099,55.40100711209,Green,Shop & Service,8
G11,Etisalat,25.2548051022099,55.40100711209,Green,Travel & Transport,3
G12,Al Qusais,25.2626590142929,55.3874763359065,Green,Arts & Entertainment,0
G12,Al Qusais,25.2626590142929,55.3874763359065,Green,College & University,3
G12,Al Qusais,25.2626590142929,55.3874763359065,Green,Event,0
G12,Al Qusais,25.2626590142929,55.3874763359065,Green,Food,12
G12,Al Qusais,25.2626590142929,55.3874763359065,Green,Nightlife Spot,2
G12,Al Qusais,25.2626590142929,55.3874763359065,Green,Outdoors & Recreation,4
G12,Al Qusais,25.2626590142929,55.3874763359065,Green,Professional & Other Places,36
G12,Al Qusais,25.2626590142929,55.3874763359065,Green,Residence,5
G12,Al Qusais,25.2626590142929,55.3874763359065,Green,Shop & Service,5
G12,Al Qusais,25.2626590142929,55.3874763359065,Green,Travel & Transport,4
G13,Dubai Airport Free Zone,25.2699287218477,55.3750092539013,Green,Arts & Entertainment,3
G13,Dubai Airport Free Zone,25.2699287218477,55.3750092539013,Green,College & University,7
G13,Dubai Airport Free Zone,25.2699287218477,55.3750092539013,Green,Event,0
G13,Dubai Airport Free Zone,25.2699287218477,55.3750092539013,Green,Food,48
G13,Dubai Airport Free Zone,25.2699287218477,55.3750092539013,Green,Nightlife Spot,5
G13,Dubai Airport Free Zone,25.2699287218477,55.3750092539013,Green,Outdoors & Recreation,7
G13,Dubai Airport Free Zone,25.2699287218477,55.3750092539013,Green,Professional & Other Places,31
G13,Dubai Airport Free Zone,25.2699287218477,55.3750092539013,Green,Residence,5
G13,Dubai Airport Free Zone,25.2699287218477,55.3750092539013,Green,Shop & Service,28
G13,Dubai Airport Free Zone,25.2699287218477,55.3750092539013,Green,Travel & Transport,14
G14,Al Nahda,25.2732735196383,55.3693408984036,Green,Arts & Entertainment,2
G14,Al Nahda,25.2732735196383,55.3693408984036,Green,College & University,3
G14,Al Nahda,25.2732735196383,55.3693408984036,Green,Event,0
G14,Al Nahda,25.2732735196383,55.3693408984036,Green,Food,20
G14,Al Nahda,25.2732735196383,55.3693408984036,Green,Nightlife Spot,1
G14,Al Nahda,25.2732735196383,55.3693408984036,Green,Outdoors & Recreation,8
G14,Al Nahda,25.2732735196383,55.3693408984036,Green,Professional & Other Places,22
G14,Al Nahda,25.2732735196383,55.3693408984036,Green,Residence,4
G14,Al Nahda,25.2732735196383,55.3693408984036,Green,Shop & Service,22
G14,Al Nahda,25.2732735196383,55.3693408984036,Green,Travel & Transport,12
G15,Stadium,25.277802143602,55.3615799355075,Green,Arts & Entertainment,4
G15,Stadium,25.277802143602,55.3615799355075,Green,College & University,3
G15,Stadium,25.277802143602,55.3615799355075,Green,Event,0
G15,Stadium,25.277802143602,55.3615799355075,Green,Food,38
G15,Stadium,25.277802143602,55.3615799355075,Green,Nightlife Spot,9
G15,Stadium,25.277802143602,55.3615799355075,Green,Outdoors & Recreation,9
G15,Stadium,25.277802143602,55.3615799355075,Green,Professional & Other Places,21
G15,Stadium,25.277802143602,55.3615799355075,Green,Residence,5
G15,Stadium,25.277802143602,55.3615799355075,Green,Shop & Service,15
G15,Stadium,25.277802143602,55.3615799355075,Green,Travel & Transport,12
G16,Al Qiyadah,25.2776673588803,55.3527646281248,Green,Arts & Entertainment,3
G16,Al Qiyadah,25.2776673588803,55.3527646281248,Green,College & University,6
G16,Al Qiyadah,25.2776673588803,55.3527646281248,Green,Event,0
G16,Al Qiyadah,25.2776673588803,55.3527646281248,Green,Food,53
G16,Al Qiyadah,25.2776673588803,55.3527646281248,Green,Nightlife Spot,4
G16,Al Qiyadah,25.2776673588803,55.3527646281248,Green,Outdoors & Recreation,7
G16,Al Qiyadah,25.2776673588803,55.3527646281248,Green,Professional & Other Places,36
G16,Al Qiyadah,25.2776673588803,55.3527646281248,Green,Residence,12
G16,Al Qiyadah,25.2776673588803,55.3527646281248,Green,Shop & Service,34
G16,Al Qiyadah,25.2776673588803,55.3527646281248,Green,Travel & Transport,20
G17,Abu Hail,25.2752415852442,55.3462675881381,Green,Arts & Entertainment,4
G17,Abu Hail,25.2752415852442,55.3462675881381,Green,College & University,4
G17,Abu Hail,25.2752415852442,55.3462675881381,Green,Event,1
G17,Abu Hail,25.2752415852442,55.3462675881381,Green,Food,56
G17,Abu Hail,25.2752415852442,55.3462675881381,Green,Nightlife Spot,8
G17,Abu Hail,25.2752415852442,55.3462675881381,Green,Outdoors & Recreation,6
G17,Abu Hail,25.2752415852442,55.3462675881381,Green,Professional & Other Places,40
G17,Abu Hail,25.2752415852442,55.3462675881381,Green,Residence,11
G17,Abu Hail,25.2752415852442,55.3462675881381,Green,Shop & Service,30
G17,Abu Hail,25.2752415852442,55.3462675881381,Green,Travel & Transport,15
G18,Abu Baker Al Siddique,25.270903837356,55.332983016961,Green,Arts & Entertainment,4
G18,Abu Baker Al Siddique,25.270903837356,55.332983016961,Green,College & University,4
G18,Abu Baker Al Siddique,25.270903837356,55.332983016961,Green,Event,3
G18,Abu Baker Al Siddique,25.270903837356,55.332983016961,Green,Food,45
G18,Abu Baker Al Siddique,25.270903837356,55.332983016961,Green,Nightlife Spot,11
G18,Abu Baker Al Siddique,25.270903837356,55.332983016961,Green,Outdoors & Recreation,10
G18,Abu Baker Al Siddique,25.270903837356,55.332983016961,Green,Professional & Other Places,38
G18,Abu Baker Al Siddique,25.270903837356,55.332983016961,Green,Residence,4
G18,Abu Baker Al Siddique,25.270903837356,55.332983016961,Green,Shop & Service,54
G18,Abu Baker Al Siddique,25.270903837356,55.332983016961,Green,Travel & Transport,21
G19,Salah Al Din,25.2703452035284,55.3206686042492,Green,Arts & Entertainment,6
G19,Salah Al Din,25.2703452035284,55.3206686042492,Green,College & University,5
G19,Salah Al Din,25.2703452035284,55.3206686042492,Green,Event,0
G19,Salah Al Din,25.2703452035284,55.3206686042492,Green,Food,90
G19,Salah Al Din,25.2703452035284,55.3206686042492,Green,Nightlife Spot,18
G19,Salah Al Din,25.2703452035284,55.3206686042492,Green,Outdoors & Recreation,29
G19,Salah Al Din,25.2703452035284,55.3206686042492,Green,Professional & Other Places,41
G19,Salah Al Din,25.2703452035284,55.3206686042492,Green,Residence,8
G19,Salah Al Din,25.2703452035284,55.3206686042492,Green,Shop & Service,56
G19,Salah Al Din,25.2703452035284,55.3206686042492,Green,Travel & Transport,70
G20,Union,25.2663356204958,55.3139027888538,Green,Arts & Entertainment,4
G20,Union,25.2663356204958,55.3139027888538,Green,College & University,4
G20,Union,25.2663356204958,55.3139027888538,Green,Event,0
G20,Union,25.2663356204958,55.3139027888538,Green,Food,100
G20,Union,25.2663356204958,55.3139027888538,Green,Nightlife Spot,17
G20,Union,25.2663356204958,55.3139027888538,Green,Outdoors & Recreation,30
G20,Union,25.2663356204958,55.3139027888538,Green,Professional & Other Places,47
G20,Union,25.2663356204958,55.3139027888538,Green,Residence,5
G20,Union,25.2663356204958,55.3139027888538,Green,Shop & Service,46
G20,Union,25.2663356204958,55.3139027888538,Green,Travel & Transport,94
G21,Baniyas Square,25.2694158776917,55.307602065776,Green,Arts & Entertainment,7
G21,Baniyas Square,25.2694158776917,55.307602065776,Green,College & University,3
G21,Baniyas Square,25.2694158776917,55.307602065776,Green,Event,0
G21,Baniyas Square,25.2694158776917,55.307602065776,Green,Food,85
G21,Baniyas Square,25.2694158776917,55.307602065776,Green,Nightlife Spot,6
G21,Baniyas Square,25.2694158776917,55.307602065776,Green,Outdoors & Recreation,18
G21,Baniyas Square,25.2694158776917,55.307602065776,Green,Professional & Other Places,44
G21,Baniyas Square,25.2694158776917,55.307602065776,Green,Residence,2
G21,Baniyas Square,25.2694158776917,55.307602065776,Green,Shop & Service,40
G21,Baniyas Square,25.2694158776917,55.307602065776,Green,Travel & Transport,64
G22,Gold Souq,25.276195589844,55.3017779183856,Green,Arts & Entertainment,7
G22,Gold Souq,25.276195589844,55.3017779183856,Green,College & University,2
G22,Gold Souq,25.276195589844,55.3017779183856,Green,Event,0
G22,Gold Souq,25.276195589844,55.3017779183856,Green,Food,35
G22,Gold Souq,25.276195589844,55.3017779183856,Green,Nightlife Spot,7
G22,Gold Souq,25.276195589844,55.3017779183856,Green,Outdoors & Recreation,8
G22,Gold Souq,25.276195589844,55.3017779183856,Green,Professional & Other Places,26
G22,Gold Souq,25.276195589844,55.3017779183856,Green,Residence,3
G22,Gold Souq,25.276195589844,55.3017779183856,Green,Shop & Service,36
G22,Gold Souq,25.276195589844,55.3017779183856,Green,Travel & Transport,33
G23,Al Ras,25.2688622375564,55.2937277078745,Green,Arts & Entertainment,16
G23,Al Ras,25.2688622375564,55.2937277078745,Green,College & University,4
G23,Al Ras,25.2688622375564,55.2937277078745,Green,Event,3
G23,Al Ras,25.2688622375564,55.2937277078745,Green,Food,52
G23,Al Ras,25.2688622375564,55.2937277078745,Green,Nightlife Spot,11
G23,Al Ras,25.2688622375564,55.2937277078745,Green,Outdoors & Recreation,6
G23,Al Ras,25.2688622375564,55.2937277078745,Green,Professional & Other Places,35
G23,Al Ras,25.2688622375564,55.2937277078745,Green,Residence,4
G23,Al Ras,25.2688622375564,55.2937277078745,Green,Shop & Service,35
G23,Al Ras,25.2688622375564,55.2937277078745,Green,Travel & Transport,33
G24,Al Ghubaiba,25.2650853837246,55.2889535222212,Green,Arts & Entertainment,10
G24,Al Ghubaiba,25.2650853837246,55.2889535222212,Green,College & University,3
G24,Al Ghubaiba,25.2650853837246,55.2889535222212,Green,Event,3
G24,Al Ghubaiba,25.2650853837246,55.2889535222212,Green,Food,57
G24,Al Ghubaiba,25.2650853837246,55.2889535222212,Green,Nightlife Spot,9
G24,Al Ghubaiba,25.2650853837246,55.2889535222212,Green,Outdoors & Recreation,5
G24,Al Ghubaiba,25.2650853837246,55.2889535222212,Green,Professional & Other Places,33
G24,Al Ghubaiba,25.2650853837246,55.2889535222212,Green,Residence,3
G24,Al Ghubaiba,25.2650853837246,55.2889535222212,Green,Shop & Service,30
G24,Al Ghubaiba,25.2650853837246,55.2889535222212,Green,Travel & Transport,33
G25,Al Fahidi,25.2583014052076,55.2975589941484,Green,Arts & Entertainment,12
G25,Al Fahidi,25.2583014052076,55.2975589941484,Green,College & University,5
G25,Al Fahidi,25.2583014052076,55.2975589941484,Green,Event,0
G25,Al Fahidi,25.2583014052076,55.2975589941484,Green,Food,146
G25,Al Fahidi,25.2583014052076,55.2975589941484,Green,Nightlife Spot,21
G25,Al Fahidi,25.2583014052076,55.2975589941484,Green,Outdoors & Recreation,18
G25,Al Fahidi,25.2583014052076,55.2975589941484,Green,Professional & Other Places,52
G25,Al Fahidi,25.2583014052076,55.2975589941484,Green,Residence,13
G25,Al Fahidi,25.2583014052076,55.2975589941484,Green,Shop & Service,74
G25,Al Fahidi,25.2583014052076,55.2975589941484,Green,Travel & Transport,84
G26,BurJuman,25.2548557351733,55.3042525286521,Green,Arts & Entertainment,3
G26,BurJuman,25.2548557351733,55.3042525286521,Green,College & University,2
G26,BurJuman,25.2548557351733,55.3042525286521,Green,Event,0
G26,BurJuman,25.2548557351733,55.3042525286521,Green,Food,38
G26,BurJuman,25.2548557351733,55.3042525286521,Green,Nightlife Spot,11
G26,BurJuman,25.2548557351733,55.3042525286521,Green,Outdoors & Recreation,17
G26,BurJuman,25.2548557351733,55.3042525286521,Green,Professional & Other Places,52
G26,BurJuman,25.2548557351733,55.3042525286521,Green,Residence,10
G26,BurJuman,25.2548557351733,55.3042525286521,Green,Shop & Service,68
G26,BurJuman,25.2548557351733,55.3042525286521,Green,Travel & Transport,65
G27,Oud Metha,25.2436671638229,55.3159566453886,Green,Arts & Entertainment,4
G27,Oud Metha,25.2436671638229,55.3159566453886,Green,College & University,5
G27,Oud Metha,25.2436671638229,55.3159566453886,Green,Event,0
G27,Oud Metha,25.2436671638229,55.3159566453886,Green,Food,52
G27,Oud Metha,25.2436671638229,55.3159566453886,Green,Nightlife Spot,9
G27,Oud Metha,25.2436671638229,55.3159566453886,Green,Outdoors & Recreation,12
G27,Oud Metha,25.2436671638229,55.3159566453886,Green,Professional & Other Places,44
G27,Oud Metha,25.2436671638229,55.3159566453886,Green,Residence,11
G27,Oud Metha,25.2436671638229,55.3159566453886,Green,Shop & Service,38
G27,Oud Metha,25.2436671638229,55.3159566453886,Green,Travel & Transport,6
G28,Dubai Health Care,25.2309030025053,55.3228668688791,Green,Arts & Entertainment,9
G28,Dubai Health Care,25.2309030025053,55.3228668688791,Green,College & University,4
G28,Dubai Health Care,25.2309030025053,55.3228668688791,Green,Event,1
G28,Dubai Health Care,25.2309030025053,55.3228668688791,Green,Food,68
G28,Dubai Health Care,25.2309030025053,55.3228668688791,Green,Nightlife Spot,19
G28,Dubai Health Care,25.2309030025053,55.3228668688791,Green,Outdoors & Recreation,15
G28,Dubai Health Care,25.2309030025053,55.3228668688791,Green,Professional & Other Places,62
G28,Dubai Health Care,25.2309030025053,55.3228668688791,Green,Residence,8
G28,Dubai Health Care,25.2309030025053,55.3228668688791,Green,Shop & Service,32
G28,Dubai Health Care,25.2309030025053,55.3228668688791,Green,Travel & Transport,20
G29,Al Jadaf,25.2249775722996,55.3336743465696,Green,Arts & Entertainment,5
G29,Al Jadaf,25.2249775722996,55.3336743465696,Green,College & University,3
G29,Al Jadaf,25.2249775722996,55.3336743465696,Green,Event,0
G29,Al Jadaf,25.2249775722996,55.3336743465696,Green,Food,21
G29,Al Jadaf,25.2249775722996,55.3336743465696,Green,Nightlife Spot,10
G29,Al Jadaf,25.2249775722996,55.3336743465696,Green,Outdoors & Recreation,6
G29,Al Jadaf,25.2249775722996,55.3336743465696,Green,Professional & Other Places,10
G29,Al Jadaf,25.2249775722996,55.3336743465696,Green,Residence,4
G29,Al Jadaf,25.2249775722996,55.3336743465696,Green,Shop & Service,3
G29,Al Jadaf,25.2249775722996,55.3336743465696,Green,Travel & Transport,18
G30,Creek,25.2189489282659,55.3389528013223,Green,Arts & Entertainment,0
G30,Creek,25.2189489282659,55.3389528013223,Green,College & University,0
G30,Creek,25.2189489282659,55.3389528013223,Green,Event,0
G30,Creek,25.2189489282659,55.3389528013223,Green,Food,10
G30,Creek,25.2189489282659,55.3389528013223,Green,Nightlife Spot,2
G30,Creek,25.2189489282659,55.3389528013223,Green,Outdoors & Recreation,4
G30,Creek,25.2189489282659,55.3389528013223,Green,Professional & Other Places,2
G30,Creek,25.2189489282659,55.3389528013223,Green,Residence,3
G30,Creek,25.2189489282659,55.3389528013223,Green,Shop & Service,4
G30,Creek,25.2189489282659,55.3389528013223,Green,Travel & Transport,11
R11,Rashidiya,25.2302229156378,55.3911980581609,Red,Arts & Entertainment,1
R11,Rashidiya,25.2302229156378,55.3911980581609,Red,College & University,2
R11,Rashidiya,25.2302229156378,55.3911980581609,Red,Event,0
R11,Rashidiya,25.2302229156378,55.3911980581609,Red,Food,22
R11,Rashidiya,25.2302229156378,55.3911980581609,Red,Nightlife Spot,3
R11,Rashidiya,25.2302229156378,55.3911980581609,Red,Outdoors & Recreation,2
R11,Rashidiya,25.2302229156378,55.3911980581609,Red,Professional & Other Places,10
R11,Rashidiya,25.2302229156378,55.3911980581609,Red,Residence,1
R11,Rashidiya,25.2302229156378,55.3911980581609,Red,Shop & Service,18
R11,Rashidiya,25.2302229156378,55.3911980581609,Red,Travel & Transport,6
R12,Emirates,25.2410593743391,55.3657269700301,Red,Arts & Entertainment,4
R12,Emirates,25.2410593743391,55.3657269700301,Red,College & University,3
R12,Emirates,25.2410593743391,55.3657269700301,Red,Event,0
R12,Emirates,25.2410593743391,55.3657269700301,Red,Food,46
R12,Emirates,25.2410593743391,55.3657269700301,Red,Nightlife Spot,11
R12,Emirates,25.2410593743391,55.3657269700301,Red,Outdoors & Recreation,5
R12,Emirates,25.2410593743391,55.3657269700301,Red,Professional & Other Places,50
R12,Emirates,25.2410593743391,55.3657269700301,Red,Residence,0
R12,Emirates,25.2410593743391,55.3657269700301,Red,Shop & Service,33
R12,Emirates,25.2410593743391,55.3657269700301,Red,Travel & Transport,65
R13,Airport Terminal 3,25.2450126641517,55.3595259814417,Red,Arts & Entertainment,2
R13,Airport Terminal 3,25.2450126641517,55.3595259814417,Red,College & University,5
R13,Airport Terminal 3,25.2450126641517,55.3595259814417,Red,Event,0
R13,Airport Terminal 3,25.2450126641517,55.3595259814417,Red,Food,60
R13,Airport Terminal 3,25.2450126641517,55.3595259814417,Red,Nightlife Spot,8
R13,Airport Terminal 3,25.2450126641517,55.3595259814417,Red,Outdoors & Recreation,6
R13,Airport Terminal 3,25.2450126641517,55.3595259814417,Red,Professional & Other Places,51
R13,Airport Terminal 3,25.2450126641517,55.3595259814417,Red,Residence,2
R13,Airport Terminal 3,25.2450126641517,55.3595259814417,Red,Shop & Service,46
R13,Airport Terminal 3,25.2450126641517,55.3595259814417,Red,Travel & Transport,108
R14,Airport Terminal 1,25.2484279923512,55.3524744810233,Red,Arts & Entertainment,3
R14,Airport Terminal 1,25.2484279923512,55.3524744810233,Red,College & University,3
R14,Airport Terminal 1,25.2484279923512,55.3524744810233,Red,Event,0
R14,Airport Terminal 1,25.2484279923512,55.3524744810233,Red,Food,87
R14,Airport Terminal 1,25.2484279923512,55.3524744810233,Red,Nightlife Spot,19
R14,Airport Terminal 1,25.2484279923512,55.3524744810233,Red,Outdoors & Recreation,6
R14,Airport Terminal 1,25.2484279923512,55.3524744810233,Red,Professional & Other Places,47
R14,Airport Terminal 1,25.2484279923512,55.3524744810233,Red,Residence,2
R14,Airport Terminal 1,25.2484279923512,55.3524744810233,Red,Shop & Service,40
R14,Airport Terminal 1,25.2484279923512,55.3524744810233,Red,Travel & Transport,110
R15,GGICO,25.2494971229491,55.3400337670553,Red,Arts & Entertainment,3
R15,GGICO,25.2494971229491,55.3400337670553,Red,College & University,7
R15,GGICO,25.2494971229491,55.3400337670553,Red,Event,0
R15,GGICO,25.2494971229491,55.3400337670553,Red,Food,126
R15,GGICO,25.2494971229491,55.3400337670553,Red,Nightlife Spot,29
R15,GGICO,25.2494971229491,55.3400337670553,Red,Outdoors & Recreation,17
R15,GGICO,25.2494971229491,55.3400337670553,Red,Professional & Other Places,46
R15,GGICO,25.2494971229491,55.3400337670553,Red,Residence,3
R15,GGICO,25.2494971229491,55.3400337670553,Red,Shop & Service,84
R15,GGICO,25.2494971229491,55.3400337670553,Red,Travel & Transport,38
R16,Deira City Centre,25.2543036508254,55.3300770562596,Red,Arts & Entertainment,6
R16,Deira City Centre,25.2543036508254,55.3300770562596,Red,College & University,5
R16,Deira City Centre,25.2543036508254,55.3300770562596,Red,Event,0
R16,Deira City Centre,25.2543036508254,55.3300770562596,Red,Food,112
R16,Deira City Centre,25.2543036508254,55.3300770562596,Red,Nightlife Spot,13
R16,Deira City Centre,25.2543036508254,55.3300770562596,Red,Outdoors & Recreation,14
R16,Deira City Centre,25.2543036508254,55.3300770562596,Red,Professional & Other Places,51
R16,Deira City Centre,25.2543036508254,55.3300770562596,Red,Residence,6
R16,Deira City Centre,25.2543036508254,55.3300770562596,Red,Shop & Service,90
R16,Deira City Centre,25.2543036508254,55.3300770562596,Red,Travel & Transport,56
R17,Al Rigga,25.2632611406868,55.3241228689007,Red,Arts & Entertainment,5
R17,Al Rigga,25.2632611406868,55.3241228689007,Red,College & University,5
R17,Al Rigga,25.2632611406868,55.3241228689007,Red,Event,1
R17,Al Rigga,25.2632611406868,55.3241228689007,Red,Food,45
R17,Al Rigga,25.2632611406868,55.3241228689007,Red,Nightlife Spot,11
R17,Al Rigga,25.2632611406868,55.3241228689007,Red,Outdoors & Recreation,27
R17,Al Rigga,25.2632611406868,55.3241228689007,Red,Professional & Other Places,48
R17,Al Rigga,25.2632611406868,55.3241228689007,Red,Residence,12
R17,Al Rigga,25.2632611406868,55.3241228689007,Red,Shop & Service,71
R17,Al Rigga,25.2632611406868,55.3241228689007,Red,Travel & Transport,97
R18,Union,25.2663356204958,55.3139027888538,Red,Arts & Entertainment,4
R18,Union,25.2663356204958,55.3139027888538,Red,College & University,4
R18,Union,25.2663356204958,55.3139027888538,Red,Event,0
R18,Union,25.2663356204958,55.3139027888538,Red,Food,100
R18,Union,25.2663356204958,55.3139027888538,Red,Nightlife Spot,17
R18,Union,25.2663356204958,55.3139027888538,Red,Outdoors & Recreation,30
R18,Union,25.2663356204958,55.3139027888538,Red,Professional & Other Places,47
R18,Union,25.2663356204958,55.3139027888538,Red,Residence,5
R18,Union,25.2663356204958,55.3139027888538,Red,Shop & Service,46
R18,Union,25.2663356204958,55.3139027888538,Red,Travel & Transport,94
R19,BurJuman,25.2548557351733,55.3042525286521,Red,Arts & Entertainment,3
R19,BurJuman,25.2548557351733,55.3042525286521,Red,College & University,2
R19,BurJuman,25.2548557351733,55.3042525286521,Red,Event,0
R19,BurJuman,25.2548557351733,55.3042525286521,Red,Food,38
R19,BurJuman,25.2548557351733,55.3042525286521,Red,Nightlife Spot,11
R19,BurJuman,25.2548557351733,55.3042525286521,Red,Outdoors & Recreation,17
R19,BurJuman,25.2548557351733,55.3042525286521,Red,Professional & Other Places,52
R19,BurJuman,25.2548557351733,55.3042525286521,Red,Residence,10
R19,BurJuman,25.2548557351733,55.3042525286521,Red,Shop & Service,68
R19,BurJuman,25.2548557351733,55.3042525286521,Red,Travel & Transport,65
R20,Abu Dhabi Commercial Bank,25.244493559729,55.2981959865435,Red,Arts & Entertainment,3
R20,Abu Dhabi Commercial Bank,25.244493559729,55.2981959865435,Red,College & University,4
R20,Abu Dhabi Commercial Bank,25.244493559729,55.2981959865435,Red,Event,0
R20,Abu Dhabi Commercial Bank,25.244493559729,55.2981959865435,Red,Food,114
R20,Abu Dhabi Commercial Bank,25.244493559729,55.2981959865435,Red,Nightlife Spot,11
R20,Abu Dhabi Commercial Bank,25.244493559729,55.2981959865435,Red,Outdoors & Recreation,18
R20,Abu Dhabi Commercial Bank,25.244493559729,55.2981959865435,Red,Professional & Other Places,33
R20,Abu Dhabi Commercial Bank,25.244493559729,55.2981959865435,Red,Residence,7
R20,Abu Dhabi Commercial Bank,25.244493559729,55.2981959865435,Red,Shop & Service,41
R20,Abu Dhabi Commercial Bank,25.244493559729,55.2981959865435,Red,Travel & Transport,38
R21,Al Jafiliya,25.2334968432833,55.2921315806077,Red,Arts & Entertainment,0
R21,Al Jafiliya,25.2334968432833,55.2921315806077,Red,College & University,2
R21,Al Jafiliya,25.2334968432833,55.2921315806077,Red,Event,0
R21,Al Jafiliya,25.2334968432833,55.2921315806077,Red,Food,30
R21,Al Jafiliya,25.2334968432833,55.2921315806077,Red,Nightlife Spot,14
R21,Al Jafiliya,25.2334968432833,55.2921315806077,Red,Outdoors & Recreation,12
R21,Al Jafiliya,25.2334968432833,55.2921315806077,Red,Professional & Other Places,49
R21,Al Jafiliya,25.2334968432833,55.2921315806077,Red,Residence,6
R21,Al Jafiliya,25.2334968432833,55.2921315806077,Red,Shop & Service,14
R21,Al Jafiliya,25.2334968432833,55.2921315806077,Red,Travel & Transport,15
R22,World Trade Centre,25.2248288751576,55.2850609836391,Red,Arts & Entertainment,7
R22,World Trade Centre,25.2248288751576,55.2850609836391,Red,College & University,4
R22,World Trade Centre,25.2248288751576,55.2850609836391,Red,Event,2
R22,World Trade Centre,25.2248288751576,55.2850609836391,Red,Food,97
R22,World Trade Centre,25.2248288751576,55.2850609836391,Red,Nightlife Spot,48
R22,World Trade Centre,25.2248288751576,55.2850609836391,Red,Outdoors & Recreation,35
R22,World Trade Centre,25.2248288751576,55.2850609836391,Red,Professional & Other Places,69
R22,World Trade Centre,25.2248288751576,55.2850609836391,Red,Residence,6
R22,World Trade Centre,25.2248288751576,55.2850609836391,Red,Shop & Service,29
R22,World Trade Centre,25.2248288751576,55.2850609836391,Red,Travel & Transport,35
R23,Emirates Towers,25.2172144667154,55.2798209721383,Red,Arts & Entertainment,8
R23,Emirates Towers,25.2172144667154,55.2798209721383,Red,College & University,4
R23,Emirates Towers,25.2172144667154,55.2798209721383,Red,Event,3
R23,Emirates Towers,25.2172144667154,55.2798209721383,Red,Food,139
R23,Emirates Towers,25.2172144667154,55.2798209721383,Red,Nightlife Spot,51
R23,Emirates Towers,25.2172144667154,55.2798209721383,Red,Outdoors & Recreation,47
R23,Emirates Towers,25.2172144667154,55.2798209721383,Red,Professional & Other Places,77
R23,Emirates Towers,25.2172144667154,55.2798209721383,Red,Residence,18
R23,Emirates Towers,25.2172144667154,55.2798209721383,Red,Shop & Service,50
R23,Emirates Towers,25.2172144667154,55.2798209721383,Red,Travel & Transport,45
R24,Financial Centre,25.2110301680928,55.2755866549779,Red,Arts & Entertainment,7
R24,Financial Centre,25.2110301680928,55.2755866549779,Red,College & University,6
R24,Financial Centre,25.2110301680928,55.2755866549779,Red,Event,2
R24,Financial Centre,25.2110301680928,55.2755866549779,Red,Food,127
R24,Financial Centre,25.2110301680928,55.2755866549779,Red,Nightlife Spot,47
R24,Financial Centre,25.2110301680928,55.2755866549779,Red,Outdoors & Recreation,44
R24,Financial Centre,25.2110301680928,55.2755866549779,Red,Professional & Other Places,71
R24,Financial Centre,25.2110301680928,55.2755866549779,Red,Residence,23
R24,Financial Centre,25.2110301680928,55.2755866549779,Red,Shop & Service,54
R24,Financial Centre,25.2110301680928,55.2755866549779,Red,Travel & Transport,37
R25,Burj Khalifa / Dubai Mall,25.2014008833475,55.2695181659011,Red,Arts & Entertainment,11
R25,Burj Khalifa / Dubai Mall,25.2014008833475,55.2695181659011,Red,College & University,4
R25,Burj Khalifa / Dubai Mall,25.2014008833475,55.2695181659011,Red,Event,1
R25,Burj Khalifa / Dubai Mall,25.2014008833475,55.2695181659011,Red,Food,155
R25,Burj Khalifa / Dubai Mall,25.2014008833475,55.2695181659011,Red,Nightlife Spot,46
R25,Burj Khalifa / Dubai Mall,25.2014008833475,55.2695181659011,Red,Outdoors & Recreation,40
R25,Burj Khalifa / Dubai Mall,25.2014008833475,55.2695181659011,Red,Professional & Other Places,70
R25,Burj Khalifa / Dubai Mall,25.2014008833475,55.2695181659011,Red,Residence,21
R25,Burj Khalifa / Dubai Mall,25.2014008833475,55.2695181659011,Red,Shop & Service,85
R25,Burj Khalifa / Dubai Mall,25.2014008833475,55.2695181659011,Red,Travel & Transport,21
R26,Business Bay,25.1912745797504,55.2604185581496,Red,Arts & Entertainment,3
R26,Business Bay,25.1912745797504,55.2604185581496,Red,College & University,4
R26,Business Bay,25.1912745797504,55.2604185581496,Red,Event,3
R26,Business Bay,25.1912745797504,55.2604185581496,Red,Food,78
R26,Business Bay,25.1912745797504,55.2604185581496,Red,Nightlife Spot,28
R26,Business Bay,25.1912745797504,55.2604185581496,Red,Outdoors & Recreation,28
R26,Business Bay,25.1912745797504,55.2604185581496,Red,Professional & Other Places,63
R26,Business Bay,25.1912745797504,55.2604185581496,Red,Residence,14
R26,Business Bay,25.1912745797504,55.2604185581496,Red,Shop & Service,31
R26,Business Bay,25.1912745797504,55.2604185581496,Red,Travel & Transport,21
R29,Noor Bank,25.155727126446,55.2285087216715,Red,Arts & Entertainment,6
R29,Noor Bank,25.155727126446,55.2285087216715,Red,College & University,4
R29,Noor Bank,25.155727126446,55.2285087216715,Red,Event,1
R29,Noor Bank,25.155727126446,55.2285087216715,Red,Food,15
R29,Noor Bank,25.155727126446,55.2285087216715,Red,Nightlife Spot,3
R29,Noor Bank,25.155727126446,55.2285087216715,Red,Outdoors & Recreation,3
R29,Noor Bank,25.155727126446,55.2285087216715,Red,Professional & Other Places,37
R29,Noor Bank,25.155727126446,55.2285087216715,Red,Residence,1
R29,Noor Bank,25.155727126446,55.2285087216715,Red,Shop & Service,15
R29,Noor Bank,25.155727126446,55.2285087216715,Red,Travel & Transport,2
R31,FGB,25.126721479885,55.2078980008681,Red,Arts & Entertainment,4
R31,FGB,25.126721479885,55.2078980008681,Red,College & University,4
R31,FGB,25.126721479885,55.2078980008681,Red,Event,0
R31,FGB,25.126721479885,55.2078980008681,Red,Food,24
R31,FGB,25.126721479885,55.2078980008681,Red,Nightlife Spot,4
R31,FGB,25.126721479885,55.2078980008681,Red,Outdoors & Recreation,12
R31,FGB,25.126721479885,55.2078980008681,Red,Professional & Other Places,44
R31,FGB,25.126721479885,55.2078980008681,Red,Residence,1
R31,FGB,25.126721479885,55.2078980008681,Red,Shop & Service,24
R31,FGB,25.126721479885,55.2078980008681,Red,Travel & Transport,10
R32,Mall of the Emirates,25.1212312705607,55.2004431935454,Red,Arts & Entertainment,13
R32,Mall of the Emirates,25.1212312705607,55.2004431935454,Red,College & University,3
R32,Mall of the Emirates,25.1212312705607,55.2004431935454,Red,Event,0
R32,Mall of the Emirates,25.1212312705607,55.2004431935454,Red,Food,98
R32,Mall of the Emirates,25.1212312705607,55.2004431935454,Red,Nightlife Spot,16
R32,Mall of the Emirates,25.1212312705607,55.2004431935454,Red,Outdoors & Recreation,18
R32,Mall of the Emirates,25.1212312705607,55.2004431935454,Red,Professional & Other Places,63
R32,Mall of the Emirates,25.1212312705607,55.2004431935454,Red,Residence,7
R32,Mall of the Emirates,25.1212312705607,55.2004431935454,Red,Shop & Service,135
R32,Mall of the Emirates,25.1212312705607,55.2004431935454,Red,Travel & Transport,48
R33,Mashreq,25.1148094971836,55.1909310963335,Red,Arts & Entertainment,5
R33,Mashreq,25.1148094971836,55.1909310963335,Red,College & University,4
R33,Mashreq,25.1148094971836,55.1909310963335,Red,Event,0
R33,Mashreq,25.1148094971836,55.1909310963335,Red,Food,60
R33,Mashreq,25.1148094971836,55.1909310963335,Red,Nightlife Spot,18
R33,Mashreq,25.1148094971836,55.1909310963335,Red,Outdoors & Recreation,14
R33,Mashreq,25.1148094971836,55.1909310963335,Red,Professional & Other Places,38
R33,Mashreq,25.1148094971836,55.1909310963335,Red,Residence,5
R33,Mashreq,25.1148094971836,55.1909310963335,Red,Shop & Service,66
R33,Mashreq,25.1148094971836,55.1909310963335,Red,Travel & Transport,45
R34,Dubai Internet City,25.1020954963727,55.1737814679061,Red,Arts & Entertainment,4
R34,Dubai Internet City,25.1020954963727,55.1737814679061,Red,College & University,12
R34,Dubai Internet City,25.1020954963727,55.1737814679061,Red,Event,1
R34,Dubai Internet City,25.1020954963727,55.1737814679061,Red,Food,82
R34,Dubai Internet City,25.1020954963727,55.1737814679061,Red,Nightlife Spot,25
R34,Dubai Internet City,25.1020954963727,55.1737814679061,Red,Outdoors & Recreation,32
R34,Dubai Internet City,25.1020954963727,55.1737814679061,Red,Professional & Other Places,72
R34,Dubai Internet City,25.1020954963727,55.1737814679061,Red,Residence,16
R34,Dubai Internet City,25.1020954963727,55.1737814679061,Red,Shop & Service,51
R34,Dubai Internet City,25.1020954963727,55.1737814679061,Red,Travel & Transport,40
R35,Nakheel,25.0889168895102,55.1580262856936,Red,Arts & Entertainment,4
R35,Nakheel,25.0889168895102,55.1580262856936,Red,College & University,13
R35,Nakheel,25.0889168895102,55.1580262856936,Red,Event,2
R35,Nakheel,25.0889168895102,55.1580262856936,Red,Food,58
R35,Nakheel,25.0889168895102,55.1580262856936,Red,Nightlife Spot,12
R35,Nakheel,25.0889168895102,55.1580262856936,Red,Outdoors & Recreation,23
R35,Nakheel,25.0889168895102,55.1580262856936,Red,Professional & Other Places,64
R35,Nakheel,25.0889168895102,55.1580262856936,Red,Residence,9
R35,Nakheel,25.0889168895102,55.1580262856936,Red,Shop & Service,22
R35,Nakheel,25.0889168895102,55.1580262856936,Red,Travel & Transport,14
R36,DAMAC,25.0799290793588,55.1475227139943,Red,Arts & Entertainment,6
R36,DAMAC,25.0799290793588,55.1475227139943,Red,College & University,8
R36,DAMAC,25.0799290793588,55.1475227139943,Red,Event,2
R36,DAMAC,25.0799290793588,55.1475227139943,Red,Food,105
R36,DAMAC,25.0799290793588,55.1475227139943,Red,Nightlife Spot,36
R36,DAMAC,25.0799290793588,55.1475227139943,Red,Outdoors & Recreation,67
R36,DAMAC,25.0799290793588,55.1475227139943,Red,Professional & Other Places,63
R36,DAMAC,25.0799290793588,55.1475227139943,Red,Residence,57
R36,DAMAC,25.0799290793588,55.1475227139943,Red,Shop & Service,61
R36,DAMAC,25.0799290793588,55.1475227139943,Red,Travel & Transport,48
R37,DMCC,25.0708243451254,55.1386726700319,Red,Arts & Entertainment,7
R37,DMCC,25.0708243451254,55.1386726700319,Red,College & University,5
R37,DMCC,25.0708243451254,55.1386726700319,Red,Event,4
R37,DMCC,25.0708243451254,55.1386726700319,Red,Food,150
R37,DMCC,25.0708243451254,55.1386726700319,Red,Nightlife Spot,40
R37,DMCC,25.0708243451254,55.1386726700319,Red,Outdoors & Recreation,67
R37,DMCC,25.0708243451254,55.1386726700319,Red,Professional & Other Places,66
R37,DMCC,25.0708243451254,55.1386726700319,Red,Residence,73
R37,DMCC,25.0708243451254,55.1386726700319,Red,Shop & Service,70
R37,DMCC,25.0708243451254,55.1386726700319,Red,Travel & Transport,57
R38,Jabal Ali,25.0578530685375,55.1271734502593,Red,Arts & Entertainment,0
R38,Jabal Ali,25.0578530685375,55.1271734502593,Red,College & University,1
R38,Jabal Ali,25.0578530685375,55.1271734502593,Red,Event,0
R38,Jabal Ali,25.0578530685375,55.1271734502593,Red,Food,11
R38,Jabal Ali,25.0578530685375,55.1271734502593,Red,Nightlife Spot,0
R38,Jabal Ali,25.0578530685375,55.1271734502593,Red,Outdoors & Recreation,2
R38,Jabal Ali,25.0578530685375,55.1271734502593,Red,Professional & Other Places,6
R38,Jabal Ali,25.0578530685375,55.1271734502593,Red,Residence,4
R38,Jabal Ali,25.0578530685375,55.1271734502593,Red,Shop & Service,7
R38,Jabal Ali,25.0578530685375,55.1271734502593,Red,Travel & Transport,4
R39,Ibn Battuta,25.0467258556195,55.1175279089437,Red,Arts & Entertainment,10
R39,Ibn Battuta,25.0467258556195,55.1175279089437,Red,College & University,2
R39,Ibn Battuta,25.0467258556195,55.1175279089437,Red,Event,0
R39,Ibn Battuta,25.0467258556195,55.1175279089437,Red,Food,56
R39,Ibn Battuta,25.0467258556195,55.1175279089437,Red,Nightlife Spot,4
R39,Ibn Battuta,25.0467258556195,55.1175279089437,Red,Outdoors & Recreation,9
R39,Ibn Battuta,25.0467258556195,55.1175279089437,Red,Professional & Other Places,16
R39,Ibn Battuta,25.0467258556195,55.1175279089437,Red,Residence,3
R39,Ibn Battuta,25.0467258556195,55.1175279089437,Red,Shop & Service,98
R39,Ibn Battuta,25.0467258556195,55.1175279089437,Red,Travel & Transport,5
R40,Energy,25.0262906333183,55.1012474381103,Red,Arts & Entertainment,0
R40,Energy,25.0262906333183,55.1012474381103,Red,College & University,0
R40,Energy,25.0262906333183,55.1012474381103,Red,Event,0
R40,Energy,25.0262906333183,55.1012474381103,Red,Food,5
R40,Energy,25.0262906333183,55.1012474381103,Red,Nightlife Spot,0
R40,Energy,25.0262906333183,55.1012474381103,Red,Outdoors & Recreation,0
R40,Energy,25.0262906333183,55.1012474381103,Red,Professional & Other Places,2
R40,Energy,25.0262906333183,55.1012474381103,Red,Residence,0
R40,Energy,25.0262906333183,55.1012474381103,Red,Shop & Service,5
R40,Energy,25.0262906333183,55.1012474381103,Red,Travel & Transport,1
R41,Danube,25.0012910551669,55.0956978985296,Red,Arts & Entertainment,0
R41,Danube,25.0012910551669,55.0956978985296,Red,College & University,1
R41,Danube,25.0012910551669,55.0956978985296,Red,Event,0
R41,Danube,25.0012910551669,55.0956978985296,Red,Food,3
R41,Danube,25.0012910551669,55.0956978985296,Red,Nightlife Spot,0
R41,Danube,25.0012910551669,55.0956978985296,Red,Outdoors & Recreation,0
R41,Danube,25.0012910551669,55.0956978985296,Red,Professional & Other Places,5
R41,Danube,25.0012910551669,55.0956978985296,Red,Residence,0
R41,Danube,25.0012910551669,55.0956978985296,Red,Shop & Service,2
R41,Danube,25.0012910551669,55.0956978985296,Red,Travel & Transport,4
R42,UAE Exchange,24.9775243243821,55.0910408906582,Red,Arts & Entertainment,0
R42,UAE Exchange,24.9775243243821,55.0910408906582,Red,College & University,2
R42,UAE Exchange,24.9775243243821,55.0910408906582,Red,Event,0
R42,UAE Exchange,24.9775243243821,55.0910408906582,Red,Food,18
R42,UAE Exchange,24.9775243243821,55.0910408906582,Red,Nightlife Spot,0
R42,UAE Exchange,24.9775243243821,55.0910408906582,Red,Outdoors & Recreation,1
R42,UAE Exchange,24.9775243243821,55.0910408906582,Red,Professional & Other Places,26
R42,UAE Exchange,24.9775243243821,55.0910408906582,Red,Residence,1
R42,UAE Exchange,24.9775243243821,55.0910408906582,Red,Shop & Service,5
R42,UAE Exchange,24.9775243243821,55.0910408906582,Red,Travel & Transport,4
R70,Station R70,25.0434380845794,55.1350507954733,Red,Arts & Entertainment,2
R70,Station R70,25.0434380845794,55.1350507954733,Red,College & University,5
R70,Station R70,25.0434380845794,55.1350507954733,Red,Event,0
R70,Station R70,25.0434380845794,55.1350507954733,Red,Food,33
R70,Station R70,25.0434380845794,55.1350507954733,Red,Nightlife Spot,2
R70,Station R70,25.0434380845794,55.1350507954733,Red,Outdoors & Recreation,11
R70,Station R70,25.0434380845794,55.1350507954733,Red,Professional & Other Places,16
R70,Station R70,25.0434380845794,55.1350507954733,Red,Residence,7
R70,Station R70,25.0434380845794,55.1350507954733,Red,Shop & Service,16
R70,Station R70,25.0434380845794,55.1350507954733,Red,Travel & Transport,6
R71,Stations R71,25.0352240803185,55.1453181683779,Red,Arts & Entertainment,0
R71,Stations R71,25.0352240803185,55.1453181683779,Red,College & University,2
R71,Stations R71,25.0352240803185,55.1453181683779,Red,Event,1
R71,Stations R71,25.0352240803185,55.1453181683779,Red,Food,10
R71,Stations R71,25.0352240803185,55.1453181683779,Red,Nightlife Spot,2
R71,Stations R71,25.0352240803185,55.1453181683779,Red,Outdoors & Recreation,9
R71,Stations R71,25.0352240803185,55.1453181683779,Red,Professional & Other Places,4
R71,Stations R71,25.0352240803185,55.1453181683779,Red,Residence,7
R71,Stations R71,25.0352240803185,55.1453181683779,Red,Shop & Service,6
R71,Stations R71,25.0352240803185,55.1453181683779,Red,Travel & Transport,6
R72,Stations R72,25.0304517839174,55.1521941561783,Red,Arts & Entertainment,0
R72,Stations R72,25.0304517839174,55.1521941561783,Red,College & University,0
R72,Stations R72,25.0304517839174,55.1521941561783,Red,Event,0
R72,Stations R72,25.0304517839174,55.1521941561783,Red,Food,13
R72,Stations R72,25.0304517839174,55.1521941561783,Red,Nightlife Spot,3
R72,Stations R72,25.0304517839174,55.1521941561783,Red,Outdoors & Recreation,10
R72,Stations R72,25.0304517839174,55.1521941561783,Red,Professional & Other Places,4
R72,Stations R72,25.0304517839174,55.1521941561783,Red,Residence,11
R72,Stations R72,25.0304517839174,55.1521941561783,Red,Shop & Service,10
R72,Stations R72,25.0304517839174,55.1521941561783,Red,Travel & Transport,5
R73,Station R73,25.0177968142054,55.1633514038594,Red,Arts & Entertainment,0
R73,Station R73,25.0177968142054,55.1633514038594,Red,College & University,0
R73,Station R73,25.0177968142054,55.1633514038594,Red,Event,0
R73,Station R73,25.0177968142054,55.1633514038594,Red,Food,3
R73,Station R73,25.0177968142054,55.1633514038594,Red,Nightlife Spot,0
R73,Station R73,25.0177968142054,55.1633514038594,Red,Outdoors & Recreation,1
R73,Station R73,25.0177968142054,55.1633514038594,Red,Professional & Other Places,3
R73,Station R73,25.0177968142054,55.1633514038594,Red,Residence,0
R73,Station R73,25.0177968142054,55.1633514038594,Red,Shop & Service,4
R73,Station R73,25.0177968142054,55.1633514038594,Red,Travel & Transport,4
R74,Station R74,25.0057961665976,55.1558410655273,Red,Arts & Entertainment,2
R74,Station R74,25.0057961665976,55.1558410655273,Red,College & University,2
R74,Station R74,25.0057961665976,55.1558410655273,Red,Event,0
R74,Station R74,25.0057961665976,55.1558410655273,Red,Food,25
R74,Station R74,25.0057961665976,55.1558410655273,Red,Nightlife Spot,5
R74,Station R74,25.0057961665976,55.1558410655273,Red,Outdoors & Recreation,4
R74,Station R74,25.0057961665976,55.1558410655273,Red,Professional & Other Places,18
R74,Station R74,25.0057961665976,55.1558410655273,Red,Residence,6
R74,Station R74,25.0057961665976,55.1558410655273,Red,Shop & Service,12
R74,Station R74,25.0057961665976,55.1558410655273,Red,Travel & Transport,7
R75,Station R75,24.9840139598227,55.1491355013711,Red,Arts & Entertainment,0
R75,Station R75,24.9840139598227,55.1491355013711,Red,College & University,1
R75,Station R75,24.9840139598227,55.1491355013711,Red,Event,0
R75,Station R75,24.9840139598227,55.1491355013711,Red,Food,4
R75,Station R75,24.9840139598227,55.1491355013711,Red,Nightlife Spot,0
R75,Station R75,24.9840139598227,55.1491355013711,Red,Outdoors & Recreation,0
R75,Station R75,24.9840139598227,55.1491355013711,Red,Professional & Other Places,4
R75,Station R75,24.9840139598227,55.1491355013711,Red,Residence,0
R75,Station R75,24.9840139598227,55.1491355013711,Red,Shop & Service,6
R75,Station R75,24.9840139598227,55.1491355013711,Red,Travel & Transport,0
